Mod√®le,AIC,MAPE,RMSE,MSE,MAE
"(0, 0, 0)(0, 0, 0, 6)",625.515193993349,99.99678000977956,31169.93156155375,971564633.5519445,31130.83289350748
"(0, 0, 0)(0, 0, 0, 12)",625.515193993349,99.99678000977956,31169.93156155375,971564633.5519445,31130.83289350748
"(0, 0, 0)(0, 0, 1, 6)",497.30284239170453,99.71304979152644,31082.059128732508,966094399.6820238,31042.71765127695
"(0, 0, 0)(0, 0, 1, 12)",537.6777884571264,99.99686883802093,31169.959113444213,971566351.1337839,31130.86048000162
"(0, 0, 0)(0, 0, 2, 6)",461.32192421707185,99.77691392126692,31101.816469418467,967322987.6973898,31062.55129217911
"(0, 0, 0)(0, 0, 2, 12)",2139.0622528228128,99.84931495985003,31124.194834652666,968715504.1054196,31085.036155059668
"(0, 0, 0)(0, 1, 0, 6)",-244.1162194575394,5.269487491562304,2168.1609923647084,4700922.088811917,1635.1081631797515
"(0, 0, 0)(0, 1, 0, 12)",-275.82770781363575,5.589927282275323,2206.7871712579804,4869909.619228799,1736.465748311298
"(0, 0, 0)(0, 1, 1, 6)",-281.43534176522854,5.000912906794108,2003.7702172529878,4015095.083550086,1561.292916522127
"(0, 0, 0)(0, 1, 1, 12)",-255.23023465894983,5.208510991318778,2075.5027292520845,4307711.579132851,1624.9125646764512
"(0, 0, 0)(0, 1, 2, 6)",-266.7854485148578,5.373333426373668,2102.713191787784,4421402.766918371,1672.3875908571463
"(0, 0, 0)(1, 0, 0, 6)",-246.3394182031234,5.3208412926002,2183.281943932151,4766720.046700152,1649.8580900232712
"(0, 0, 0)(1, 0, 0, 12)",-278.68677248852015,5.604983402940574,2212.3875209481776,4894658.542847223,1740.6233342214618
"(0, 0, 0)(1, 0, 1, 6)",-301.5119856515002,5.089872028167361,2029.4464013494107,4118652.6959500737,1584.5820251030786
"(0, 0, 0)(1, 0, 1, 12)",-301.40704782564904,5.276941941238372,2090.1742270856466,4368828.29957308,1643.523346500342
"(0, 0, 0)(1, 0, 2, 6)",-274.6568625196852,5.2713799483489705,2083.4079292485903,4340588.599655898,1639.0738606496425
"(0, 0, 0)(1, 0, 2, 12)",-246.3016962226765,5.932421350299851,2290.934239165768,5248379.688182036,1841.3746687100272
"(0, 0, 0)(1, 1, 0, 6)",-287.62164455406594,5.342851676422682,2135.40079020698,4559936.534816596,1659.7000425780209
"(0, 0, 0)(1, 1, 0, 12)",-255.2853990851899,5.976142648643701,2313.060707037346,5350249.834440108,1857.106321926277
"(0, 0, 0)(1, 1, 1, 6)",-289.9267349279067,5.339460460586298,2091.3260663053284,4373644.715608119,1662.9418935855042
"(0, 0, 0)(1, 1, 1, 12)",-252.13442461759047,5.7003230404005905,2229.8618605682104,4972283.917216722,1774.10359562864
"(0, 0, 0)(1, 1, 2, 6)",-281.29997885952275,5.170017145075665,2066.178666085174,4269094.280185509,1612.3042123540515
"(0, 0, 0)(2, 0, 0, 6)",-285.640450153165,5.36031378101581,2140.6933675024375,4582568.093668926,1664.6372708138879
"(0, 0, 0)(2, 0, 0, 12)",-253.50836358318497,6.011742249700243,2324.674802465068,5404112.9372160025,1866.7859373933995
"(0, 0, 0)(2, 0, 1, 6)",-291.24235984558504,5.443147387734762,2130.8647970553397,4540584.783329694,1691.31097616481
"(0, 0, 0)(2, 0, 1, 12)",-256.00377242665627,5.716867386090482,2232.9563680238434,4986094.141498234,1776.8785950387412
"(0, 0, 0)(2, 0, 2, 6)",-298.83478978633383,5.202682967780014,2070.464604343589,4286823.677839655,1620.5772089382308
"(0, 0, 0)(2, 0, 2, 12)",-247.49306622623084,5.643462064477585,2207.43456336889,4872767.351555603,1754.8524168198528
"(0, 0, 0)(2, 1, 0, 6)",-268.6627089189704,5.277715993740157,2099.7277892999045,4408856.789158265,1639.4529286204279
"(0, 0, 0)(2, 1, 0, 12)",-206.10346450134313,5.696291654883866,2226.0352000512676,4955232.711867286,1772.594031469168
"(0, 0, 0)(2, 1, 1, 6)",-273.65669320086664,5.322963944143383,2087.821298847583,4358997.775921608,1657.6760697313164
"(0, 0, 0)(2, 1, 1, 12)",-204.30717027875758,5.717365483160916,2231.2822221612896,4978620.354933023,1778.7563093619674
"(0, 0, 0)(2, 1, 2, 6)",-274.0378223538345,5.211055652051141,2073.0064623764765,4297355.793054634,1625.288183965126
"(0, 0, 1)(0, 0, 0, 6)",512.0908172635841,99.97201765351988,31162.261451978255,971086538.8014499,31123.142697399857
"(0, 0, 1)(0, 0, 0, 12)",512.0908172635841,99.97201765351988,31162.261451978255,971086538.8014499,31123.142697399857
"(0, 0, 1)(0, 0, 1, 6)",392.19294021855245,99.26779866952403,30947.629387697754,957755764.7182937,30904.44048534727
"(0, 0, 1)(0, 0, 1, 12)",440.6689864528614,99.97066649585905,31161.843613203,971060497.3737206,31122.723081945052
"(0, 0, 1)(0, 0, 2, 6)",364.8432573625375,99.23463554631967,30939.1974740106,957233940.3358239,30894.1413474822
"(0, 0, 1)(0, 0, 2, 12)",1887.0733181077358,99.87288262297876,31131.50459540029,969170578.3734294,31092.35532732895
"(0, 0, 1)(0, 1, 0, 6)",-239.25695727050777,5.295376365198027,2181.0340471119025,4756909.514661325,1643.1482104666852
"(0, 0, 1)(0, 1, 0, 12)",-272.78493952289875,5.680344497013803,2249.2181526278937,5058982.298110834,1764.002800333388
"(0, 0, 1)(0, 1, 1, 6)",-277.7573811829126,5.0079596360770156,2006.5395988063403,4026201.1615779093,1563.737210052551
"(0, 0, 1)(0, 1, 1, 12)",-248.89628884547903,5.2377415695971905,2084.5842343302716,4345491.430018324,1634.2970542970522
"(0, 0, 1)(0, 1, 2, 6)",-261.5640235441989,5.410979125061835,2119.142879745751,4490766.544777116,1683.2671922753534
"(0, 0, 1)(1, 0, 0, 6)",-245.6596634276083,5.35028148621049,2197.932496669696,4830907.259916683,1658.9903186805232
"(0, 0, 1)(1, 0, 0, 12)",-278.16032565404055,5.698539110292478,2256.0858495779416,5089923.360665822,1768.98053965001
"(0, 0, 1)(1, 0, 1, 6)",-225.35784279543006,5.454321535666021,2230.129456116772,4973477.391039689,1691.1018715770433
"(0, 0, 1)(1, 0, 1, 12)",-260.2983514128775,5.525035417108948,2183.0886387003,4765876.00442233,1716.0024437182483
"(0, 0, 1)(1, 0, 2, 6)",-258.4617240684397,5.107233577652175,2040.6390312827928,4164207.655994775,1588.6582892630677
"(0, 0, 1)(1, 0, 2, 12)",-234.40020110355243,5.958238607218443,2312.400948210498,5347198.14528481,1848.682076395309
"(0, 0, 1)(1, 1, 0, 6)",-287.02114407168244,5.4263988889123835,2176.8978748291865,4738884.357435829,1685.2538558036601
"(0, 0, 1)(1, 1, 0, 12)",-253.92724339179637,5.990587803803528,2319.521174365846,5380178.478331514,1861.518635893633
"(0, 0, 1)(1, 1, 1, 6)",-286.8775060685218,5.363399999143585,2103.4890718006413,4424666.2751847245,1669.7613966349093
"(0, 0, 1)(1, 1, 1, 12)",-245.67490428120055,5.700749135031331,2231.6599072816957,4980305.9417685475,1774.300842153108
"(0, 0, 1)(1, 1, 2, 6)",-276.2480496418163,5.169016094216238,2071.089438677242,4289411.463000413,1612.1339257711925
"(0, 0, 1)(2, 0, 0, 6)",-285.0771830654078,5.452713525423768,2185.693356386474,4777255.44815197,1692.7953031441232
"(0, 0, 1)(2, 0, 0, 12)",-252.2329833549648,6.028065592119409,2332.20600490603,5439184.849319746,1871.7838246255499
"(0, 0, 1)(2, 0, 1, 6)",-276.960271710112,5.549031464187412,2250.217105942353,5063477.023875579,1724.632188257064
"(0, 0, 1)(2, 0, 1, 12)",-246.24000340800274,5.9408628788544915,2302.7645728587845,5302724.6780135,1844.6817271739299
"(0, 0, 1)(2, 0, 2, 6)",-272.17190780215543,5.553081504589862,2217.682318549896,4918114.866008842,1722.699848930893
"(0, 0, 1)(2, 0, 2, 12)",-236.80377527762624,5.525211465753657,2176.556357509955,4737397.577417004,1720.0756909404945
"(0, 0, 1)(2, 1, 0, 6)",-268.2488817757456,5.348976711865914,2134.7453708986764,4557137.798573326,1661.1604878601918
"(0, 0, 1)(2, 1, 0, 12)",-205.20341217250956,5.676906028470972,2220.179454519773,4929196.810271717,1766.8097509436734
"(0, 0, 1)(2, 1, 1, 6)",-270.35111073185556,5.386973477809544,2114.7716683822387,4472259.209392197,1675.803251342154
"(0, 0, 1)(2, 1, 1, 12)",-203.43553782665367,5.698007485153938,2225.404598638006,4952425.627639185,1772.9586623229852
"(0, 0, 1)(2, 1, 2, 6)",-269.7403237862366,5.212897158642208,2076.856744686085,4313333.937948083,1625.464128027117
"(0, 0, 2)(0, 0, 0, 6)",423.49031076387394,99.81150718700107,31113.04410592012,968021513.5369306,31073.29457503589
"(0, 0, 2)(0, 0, 0, 12)",423.49031076387394,99.81150718700107,31113.04410592012,968021513.5369306,31073.29457503589
"(0, 0, 2)(0, 0, 1, 6)",312.0539607188148,98.76533890223995,30800.997258531203,948701432.1200466,30748.396605432332
"(0, 0, 2)(0, 0, 1, 12)",442.3954203953249,99.97559102764151,31163.36758246655,971155479.0799272,31124.25244428635
"(0, 0, 2)(0, 0, 2, 6)",279.57633998039336,95.82582159716146,30129.577167616048,907791420.2993302,29835.50025983854
"(0, 0, 2)(0, 0, 2, 12)",1785.653475704557,inf,inf,inf,inf
"(0, 0, 2)(0, 1, 0, 6)",-233.81201820547398,5.295576290504175,2181.2042931259307,4757652.168350991,1643.2133254082382
"(0, 0, 2)(0, 1, 0, 12)",-270.20637143543274,5.575755932780695,2211.435737507834,4890448.021126817,1731.1733339768555
"(0, 0, 2)(0, 1, 1, 6)",-271.7938070887828,4.997838261802131,2002.6867047198682,4010754.0372617245,1560.7035275947378
"(0, 0, 2)(0, 1, 1, 12)",-243.6793461628345,5.240054702222328,2084.156794625868,4343709.544585172,1634.882410366132
"(0, 0, 2)(0, 1, 2, 6)",-254.24979755604136,5.40634667209485,2117.2557941735226,4482772.097961353,1681.593806144044
"(0, 0, 2)(1, 0, 0, 6)",-242.66674212478924,5.358813260486162,2198.25232636507,4832313.290369443,1661.489738370519
"(0, 0, 2)(1, 0, 0, 12)",-278.914620267388,5.539178811321996,2193.3994526424576,4811001.158852233,1719.3839537372182
"(0, 0, 2)(1, 0, 1, 6)",-215.2847081237247,5.506325087010503,2375.829994197823,5644568.1613300275,1711.2616245347715
"(0, 0, 2)(1, 0, 1, 12)",-290.4340967847481,5.326785000780492,2100.2707459668745,4411137.206364251,1657.8018873006386
"(0, 0, 2)(1, 0, 2, 6)",-261.5364340045495,5.2955973530053955,2078.7378947417697,4321151.235035445,1646.4727908428367
"(0, 0, 2)(1, 0, 2, 12)",-232.24879212886418,6.2563604689613115,2399.697400573563,5758547.614319514,1940.1887276950906
"(0, 0, 2)(1, 1, 0, 6)",-288.93915565649826,5.385144594952582,2153.4691135704147,4637429.223101748,1671.842162990019
"(0, 0, 2)(1, 1, 0, 12)",-253.16120720647052,5.966960345232511,2310.724672588807,5339448.512510651,1854.1719645197675
"(0, 0, 2)(1, 1, 1, 6)",-282.0255912883998,5.346711135227265,2098.133712258044,4402165.07451372,1664.040334849249
"(0, 0, 2)(1, 1, 1, 12)",-241.13494361458297,5.691209046455336,2225.681132333441,4953656.502825068,1771.2273816517018
"(0, 0, 2)(1, 1, 2, 6)",-269.5433105456006,5.1883375027707075,2074.6845645909975,4304316.042552138,1617.7985491473728
"(0, 0, 2)(2, 0, 0, 6)",-285.31691271592473,5.343605208391238,2130.4625165556718,4538870.534448725,1658.4041121156629
"(0, 0, 2)(2, 0, 0, 12)",-251.26552524682768,5.986146998983635,2316.685420680216,5367031.338392268,1858.94541460148
"(0, 0, 2)(2, 0, 1, 6)",-276.767751280564,5.4505485682874495,2197.7006538594305,4829888.163974168,1693.7593623965176
"(0, 0, 2)(2, 0, 1, 12)",-252.1236702587184,5.770437304148316,2249.9271504160597,5062172.18217933,1793.2125212909987
"(0, 0, 2)(2, 0, 2, 6)",-281.58901471617463,5.4195408868565265,2126.95582281505,4523941.072206846,1685.429516173881
"(0, 0, 2)(2, 0, 2, 12)",-232.75192405075458,5.909389228881399,2308.4270533108715,5328835.460457514,1835.9238544500538
"(0, 0, 2)(2, 1, 0, 6)",-267.907967539669,5.326103322641433,2123.438032080885,4508989.076087541,1653.754850689631
"(0, 0, 2)(2, 1, 0, 12)",-203.28310022645928,5.681185951151528,2221.4263874669264,4934735.194934359,1768.0486705882568
"(0, 0, 2)(2, 1, 1, 6)",-269.4701589735606,5.369367749390887,2108.830470817212,4447165.954647143,1670.1269142329725
"(0, 0, 2)(2, 1, 1, 12)",-201.50641122640906,5.702120709258188,2226.6874091573695,4958136.818099959,1774.1536757630113
"(0, 0, 2)(2, 1, 2, 6)",-263.8489545742599,5.238126991203579,2084.4030206854177,4344735.952642494,1632.7044751995245
"(0, 1, 0)(0, 0, 0, 6)",-208.12687827201296,4.3727068967133516,1653.2278990555096,2733162.4862154946,1355.6501138084113
"(0, 1, 0)(0, 0, 0, 12)",-208.12687827201296,4.3727068967133516,1653.2278990555096,2733162.4862154946,1355.6501138084113
"(0, 1, 0)(0, 0, 1, 6)",-195.39917269462958,4.357868858997302,1659.2928103169772,2753252.630369612,1351.4333488418806
"(0, 1, 0)(0, 0, 1, 12)",-195.40855572815866,3.904342311227804,1697.0760074397454,2880066.9750276264,1241.7417275903435
"(0, 1, 0)(0, 0, 2, 6)",-194.1348538482609,3.876936374796828,1647.9509888438065,2715742.46163128,1224.3063361338213
"(0, 1, 0)(0, 0, 2, 12)",2367.2567939849164,292.43523212384844,146760.26967346817,21538576754.629097,90768.11226381759
"(0, 1, 0)(0, 1, 0, 6)",-178.0437587661041,4.9786581754313675,2066.192550746025,4269151.656758366,1560.3719111238522
"(0, 1, 0)(0, 1, 0, 12)",-218.19963926144476,5.876956729303977,2325.550469283669,5408184.985185493,1866.24703280403
"(0, 1, 0)(0, 1, 1, 6)",-221.99177163652357,4.9330916877048985,1981.9806401055482,3928247.2577531985,1545.3979256003595
"(0, 1, 0)(0, 1, 1, 12)",-204.90945455703664,5.084383331443546,2055.152348168563,4223651.174182759,1596.8233349459197
"(0, 1, 0)(0, 1, 2, 6)",-210.24442670642577,5.1785522325807545,2063.0718601422345,4256265.50011074,1629.2494394040789
"(0, 1, 0)(1, 0, 0, 6)",-206.41274826583134,4.1142842961288215,1660.3779835454964,2756855.0482426086,1280.986267150613
"(0, 1, 0)(1, 0, 0, 12)",-227.32772413977602,4.9661010321571695,2003.4258553621273,4013715.1579334717,1576.4545030132545
"(0, 1, 0)(1, 0, 1, 6)",-234.51860998365245,4.895481077182817,1966.7635644997918,3868158.9186439267,1533.324108512915
"(0, 1, 0)(1, 0, 1, 12)",-241.72161884703758,5.25625850395486,2122.45160775496,4504800.827261616,1651.203766165941
"(0, 1, 0)(1, 0, 2, 6)",-220.98998340095173,4.9642894240904205,1983.0408790046408,3932451.127803499,1561.9449042269723
"(0, 1, 0)(1, 0, 2, 12)",1416.7180304186668,5.0916928586657315,1859.639009094819,3458257.2441471596,1571.2503701018293
"(0, 1, 0)(1, 1, 0, 6)",-227.8894000078711,5.591062562993929,2219.908896509318,4927995.508801217,1776.139763135763
"(0, 1, 0)(1, 1, 0, 12)",-204.49800565810187,5.767392530256468,2252.463674919567,5073592.606832162,1803.6508482177342
"(0, 1, 0)(1, 1, 1, 6)",-230.38509264486618,5.181954371278382,2075.0939281006563,4306014.8104402125,1633.7171790170423
"(0, 1, 0)(1, 1, 1, 12)",-201.3364198108078,5.593300490153224,2197.8272542398,4830444.639479258,1747.0601468544985
"(0, 1, 0)(1, 1, 2, 6)",-225.59363918600636,5.1644879700973885,2088.3782240221417,4361323.606569875,1625.5465028538083
"(0, 1, 0)(2, 0, 0, 6)",-228.3355555370659,5.068692694015914,2035.3366514782954,4142595.2848508796,1609.4513910379067
"(0, 1, 0)(2, 0, 0, 12)",-203.20795676725214,5.5261278827854365,2161.5566973373952,4672327.355804147,1729.1269731923678
"(0, 1, 0)(2, 0, 1, 6)",-231.67981989516775,5.120079542875536,2053.934499886832,4218646.929825369,1614.877484345878
"(0, 1, 0)(2, 0, 1, 12)",-204.01890264550443,5.471543710850825,2149.3931422668097,4619890.880023589,1709.6621965742231
"(0, 1, 0)(2, 0, 2, 6)",-238.2354988198063,5.269773848121333,2128.325518024156,4529769.510672791,1657.9346068480274
"(0, 1, 0)(2, 0, 2, 12)",2420.5748136844263,686441.9772455401,214881254.10441092,4.617395336548441e+16,213181309.8973822
"(0, 1, 0)(2, 1, 0, 6)",-213.02325354733279,5.439627309700621,2182.3619429953965,4762703.6502346415,1728.7578806503184
"(0, 1, 0)(2, 1, 0, 12)",-162.57932303776045,5.669119649235169,2223.5249123011445,4944063.035623812,1769.5239226580927
"(0, 1, 0)(2, 1, 1, 6)",-217.8097334407164,5.178034967541555,2076.3857733506534,4311377.879772991,1633.2274267887437
"(0, 1, 0)(2, 1, 1, 12)",-160.82626113996974,5.6790215670814295,2227.9550634305983,4963783.76466604,1773.5974016961063
"(0, 1, 0)(2, 1, 2, 6)",-216.50351061828493,5.197097367942853,2098.628067582391,4404239.7660446,1636.1110156141938
"(0, 1, 1)(0, 0, 0, 6)",-252.98749034273015,3.6902351044379853,1571.4765667796867,2469538.599937671,1155.1302929855901
"(0, 1, 1)(0, 0, 0, 12)",-252.98749034273015,3.6902351044379853,1571.4765667796867,2469538.599937671,1155.1302929855901
"(0, 1, 1)(0, 0, 1, 6)",-239.62064758419086,3.8354973835249764,1594.508487763541,2542457.3175499747,1198.2066211358817
"(0, 1, 1)(0, 0, 1, 12)",-234.76272366779517,4.2576128838740175,1686.497765646093,2844274.7135292646,1327.3891358386345
"(0, 1, 1)(0, 0, 2, 6)",-234.1388603747699,4.151032536598769,1681.8310954785977,2828555.8337187404,1295.080130191153
"(0, 1, 1)(0, 0, 2, 12)",2389.563764698703,209.6149659178177,108843.00900100348,11846800608.392525,65055.47057868108
"(0, 1, 1)(0, 1, 0, 6)",-231.1615135745209,5.326944243265608,2184.9969839714613,4774211.819964383,1651.6090760319792
"(0, 1, 1)(0, 1, 0, 12)",-262.87841454386484,5.605984980122018,2212.765171121413,4896329.702527977,1740.8935125890346
"(0, 1, 1)(0, 1, 1, 6)",-268.67638725389054,5.097957818034534,2031.546716037838,4127182.0594441243,1586.7644812232566
"(0, 1, 1)(0, 1, 1, 12)",-240.40660674845358,5.35095155191565,2111.254317453809,4457394.792967349,1664.7893026381028
"(0, 1, 1)(0, 1, 2, 6)",-250.54410115776636,5.589522835371988,2169.3352515022307,4706015.433410247,1732.8714152781513
"(0, 1, 1)(1, 0, 0, 6)",-257.98492316395897,4.175597560572379,1690.6035114059666,2858140.232778184,1299.9584902982124
"(0, 1, 1)(1, 0, 0, 12)",-274.86623444078555,5.030967011859193,1985.9062331154767,3943823.5667269016,1563.956346656077
"(0, 1, 1)(1, 0, 1, 6)",-284.17533648047583,5.1255463931832015,2041.5088229341827,4167758.2741181124,1595.3054652856642
"(0, 1, 1)(1, 0, 1, 12)",-286.1480145925856,5.4079391739239115,2135.3162510439292,4559575.491972301,1682.5065457326266
"(0, 1, 1)(1, 0, 2, 6)",-267.9026523502419,5.429911511419034,2108.7040807768594,4446632.9002849795,1683.1332633842462
"(0, 1, 1)(1, 0, 2, 12)",2487.4872824168806,4.203779578951286,1685.3980719040308,2840566.6607778245,1313.2938963223028
"(0, 1, 1)(1, 1, 0, 6)",-276.3218656007327,5.360801510696659,2140.8359965081545,4583178.763945063,1664.7672847848808
"(0, 1, 1)(1, 1, 0, 12)",-244.5237537225354,6.112162834573861,2357.852084655553,5559466.4531145375,1894.896207492759
"(0, 1, 1)(1, 1, 1, 6)",-277.58155851470946,5.5008535238739835,2143.324443828478,4593839.671512653,1706.9149340798383
"(0, 1, 1)(1, 1, 1, 12)",-238.12476892049716,5.826227413762565,2265.8094595546036,5133892.507007124,1808.3523893923002
"(0, 1, 1)(1, 1, 2, 6)",-265.7678037324181,5.325766007564817,2105.264587241299,4432138.982292278,1656.1970034080732
"(0, 1, 1)(2, 0, 0, 6)",-276.57322362206065,5.0536893834781775,2011.5041266082117,4046148.8513618642,1570.2900801764622
"(0, 1, 1)(2, 0, 0, 12)",-243.15288244838635,5.89543965316527,2273.7270529063057,5169834.711117994,1828.3632124353041
"(0, 1, 1)(2, 0, 1, 6)",-280.4404731883984,5.517169488965703,2149.8569669011513,4621884.978133419,1711.991055408849
"(0, 1, 1)(2, 0, 1, 12)",-244.2539046454149,5.787479828497053,2248.0653640550545,5053797.881063985,1796.1007825182126
"(0, 1, 1)(2, 0, 2, 6)",-284.5235141631829,5.465948588084494,2170.293632968736,4710174.4533046335,1700.5349876026858
"(0, 1, 1)(2, 0, 2, 12)",2431.0676740050963,674218.2771979516,211054799.75924635,4.454412850141557e+16,209385118.22883877
"(0, 1, 1)(2, 1, 0, 6)",-257.8792606081266,5.364979811423919,2127.7256139857304,4527216.288410954,1663.9445365778902
"(0, 1, 1)(2, 1, 0, 12)",-196.1113888460865,5.836767431292232,2265.028564098578,5130354.396182466,1811.5616054350635
"(0, 1, 1)(2, 1, 1, 6)",-264.4016577227216,5.509933861251107,2145.6015665835093,4603606.08252561,1709.3401622745678
"(0, 1, 1)(2, 1, 1, 12)",-194.31128427571278,5.859206301173798,2271.070580941468,5157761.583617818,1818.1057367515448
"(0, 1, 1)(2, 1, 2, 6)",-258.8085169208038,5.353373246125215,2106.4367715292947,4437075.872450758,1664.4651678177115
"(0, 1, 2)(0, 0, 0, 6)",-248.81323589331973,3.6884017884438394,1571.3670289547329,2469194.339686024,1154.5956441076733
"(0, 1, 2)(0, 0, 0, 12)",-248.81323589331973,3.6884017884438394,1571.3670289547329,2469194.339686024,1154.5956441076733
"(0, 1, 2)(0, 0, 1, 6)",-233.4276440747473,3.8159144280207675,1593.047756848888,2537801.1556012738,1192.5354896280426
"(0, 1, 2)(0, 0, 1, 12)",-229.6281882536601,4.2633664037883925,1686.763122587683,2845169.831721751,1328.8927447549895
"(0, 1, 2)(0, 0, 2, 6)",-229.2882472913064,4.174149885238302,1685.9412001822488,2842397.7304719617,1301.6277808053767
"(0, 1, 2)(0, 0, 2, 12)",5579.2820656152435,inf,inf,inf,inf
"(0, 1, 2)(0, 1, 0, 6)",-228.8757935108032,5.35320210751061,2197.8684739016126,4830625.828570602,1659.7329510973582
"(0, 1, 2)(0, 1, 0, 12)",-258.8146488656957,5.812833896106127,2304.743244564797,5311841.423367067,1801.5103575235541
"(0, 1, 2)(0, 1, 1, 6)",-262.8669364755883,5.136351163957902,2046.804602144221,4189409.079358763,1597.7267562620564
"(0, 1, 2)(0, 1, 1, 12)",-235.6177254604983,5.419661838507946,2131.7844442498713,4544504.916745733,1684.8226323006527
"(0, 1, 2)(0, 1, 2, 6)",-248.77056558682796,5.756308507798636,2233.4024327332118,4988086.426538628,1781.7249203345973
"(0, 1, 2)(1, 0, 0, 6)",-256.3124580654779,4.190073487933711,1695.8939429268366,2876056.265655933,1304.3368609918095
"(0, 1, 2)(1, 0, 0, 12)",-273.68603493304124,5.1778459095677585,2044.0850920136445,4178283.86339243,1606.4561460884656
"(0, 1, 2)(1, 0, 1, 6)",-282.63287936508414,5.228408882584582,2080.3745248506516,4327958.163647574,1625.8090483889582
"(0, 1, 2)(1, 0, 1, 12)",-280.84641757930336,5.501908179504446,2163.6331825975867,4681308.548837362,1710.0888503127264
"(0, 1, 2)(1, 0, 2, 6)",-263.2829438667437,5.538924849828534,2149.893967560916,4622044.071754817,1715.7932838670126
"(0, 1, 2)(1, 0, 2, 12)",4857.458840727075,210545.75368327778,72011178.04647076,5185609763640512.0,65387002.77719617
"(0, 1, 2)(1, 1, 0, 6)",-275.510383383096,5.552007932504277,2218.076088267414,4919861.533343673,1721.3453956050225
"(0, 1, 2)(1, 1, 0, 12)",-243.895383978512,6.227369515684185,2400.359595037828,5761726.185490166,1928.637785102358
"(0, 1, 2)(1, 1, 1, 6)",-273.27595427488836,5.681423267693283,2210.1283456909323,4884667.304426538,1759.6674320504658
"(0, 1, 2)(1, 1, 1, 12)",-233.0607629079024,5.943510608060778,2307.3601407360857,5323910.819057648,1842.390418971417
"(0, 1, 2)(1, 1, 2, 6)",-263.3604921039974,5.426995687677774,2146.688429914931,4608271.215130631,1684.7927352542674
"(0, 1, 2)(2, 0, 0, 6)",-275.5340276422761,5.225796825060591,2077.0321674395655,4314062.6245786995,1620.835303505989
"(0, 1, 2)(2, 0, 0, 12)",-242.4784354916565,6.029408312344862,2321.884372049295,5391147.037166749,1867.8575371244342
"(0, 1, 2)(2, 0, 1, 6)",-281.4774465516798,5.8149923825935455,2265.1788169311744,5131035.072673715,1800.852978683536
"(0, 1, 2)(2, 0, 1, 12)",-243.93710166057014,5.9220307825191485,2296.5863835622495,5274309.017163532,1835.5807524186482
"(0, 1, 2)(2, 0, 2, 6)",-281.9156040194531,5.725869308760935,2276.753693261415,5183607.379779492,1778.5013713310793
"(0, 1, 2)(2, 0, 2, 12)",2331.596430453501,inf,inf,inf,inf
"(0, 1, 2)(2, 1, 0, 6)",-257.3616019305084,5.457832232800965,2170.978573514417,4713147.966658692,1692.0322794873528
"(0, 1, 2)(2, 1, 0, 12)",-196.24936126560505,5.938717525534014,2291.46684403795,5250820.297325242,1840.4597286606024
"(0, 1, 2)(2, 1, 1, 6)",-263.6684634937062,5.663268122864016,2205.7052464069825,4865135.634027286,1754.3288845328927
"(0, 1, 2)(2, 1, 1, 12)",-194.56084989260464,5.960549399167752,2297.965234268124,5280644.217904954,1846.8917585042275
"(0, 1, 2)(2, 1, 2, 6)",-257.02072388042495,5.533721543724565,2176.462930402308,4736990.887415402,1715.646803539106
"(1, 0, 0)(0, 0, 0, 6)",-209.08080896249905,4.023148973837293,1607.1537351621243,2582943.1284455676,1252.433634688492
"(1, 0, 0)(0, 0, 0, 12)",-209.08080896249905,4.023148973837293,1607.1537351621243,2582943.1284455676,1252.433634688492
"(1, 0, 0)(0, 0, 1, 6)",-196.6762967511744,4.024005361566001,1617.2630674383786,2615539.829300193,1253.2978308545871
"(1, 0, 0)(0, 0, 1, 12)",-168.60203821610435,4.084999363292841,1614.8847377077068,2607852.716081289,1270.6606856227415
"(1, 0, 0)(0, 0, 2, 6)",3.1471787685120667,14.362431243002286,6532.2946662447375,42670873.60664945,4468.501176365577
"(1, 0, 0)(0, 0, 2, 12)",2251.864845517081,4.300975395519136,1853.7735142895167,3436476.242281305,1374.783666118375
"(1, 0, 0)(0, 1, 0, 6)",-243.42370041845274,5.296168835255293,2182.206339122395,4762024.506505966,1643.4226404569476
"(1, 0, 0)(0, 1, 0, 12)",-274.3758637652729,5.62673160664569,2222.991564079313,4941691.49396779,1747.7097480364755
"(1, 0, 0)(0, 1, 1, 6)",-280.2024163424242,5.005739765586973,2006.389696690016,4025599.614983855,1562.7503515034794
"(1, 0, 0)(0, 1, 1, 12)",-253.72355840830437,5.216261997781967,2079.2917873389883,4323454.336895365,1627.2348712633454
"(1, 0, 0)(0, 1, 2, 6)",-265.79767306598336,5.39253054474425,2112.4737942681236,4462545.531469562,1678.025533681744
"(1, 0, 0)(1, 0, 0, 6)",-241.47050453837392,5.353578641905158,2199.758430541831,4838937.152739859,1659.976298290006
"(1, 0, 0)(1, 0, 0, 12)",-272.42618623783557,5.646510927919868,2230.5362334975525,4975291.888945447,1753.198224368981
"(1, 0, 0)(1, 0, 1, 6)",-301.0326811598586,5.110580445649626,2038.0278058420022,4153557.337385166,1590.6732101102093
"(1, 0, 0)(1, 0, 1, 12)",-300.2673098653592,5.294939475977392,2098.2598065350007,4402694.215720298,1648.9136265408176
"(1, 0, 0)(1, 0, 2, 6)",-276.7551806502043,5.384533645615827,2134.878173779662,4557704.816880786,1671.1829565736002
"(1, 0, 0)(1, 0, 2, 12)",-198.6906341806065,5.395672998853035,2126.7741844896314,4523168.431811536,1693.190503263735
"(1, 0, 0)(1, 1, 0, 6)",-281.28060749902255,5.3816752658094185,2154.6685348586157,4642596.495109774,1671.5942967208166
"(1, 0, 0)(1, 1, 0, 12)",-248.41105712047556,5.987565489383215,2318.042290083082,5373320.05861362,1860.6034031603745
"(1, 0, 0)(1, 1, 1, 6)",-288.73144194536377,5.352308112085483,2097.7727592874703,4400650.549608568,1666.7747431817365
"(1, 0, 0)(1, 1, 1, 12)",-250.7057440514546,5.703886243476256,2232.2936091868173,4983134.757616308,1775.235560119728
"(1, 0, 0)(1, 1, 2, 6)",-280.6488365146976,5.159964966594643,2066.9064082810196,4272102.100593145,1609.1515104344007
"(1, 0, 0)(2, 0, 0, 6)",-278.9828489599891,5.4399978629011265,2170.408641340614,4710673.67040601,1689.1159456591845
"(1, 0, 0)(2, 0, 0, 12)",-246.6603435258834,6.022580587627552,2329.720061789152,5427595.566302852,1870.1556556574933
"(1, 0, 0)(2, 0, 1, 6)",-281.8851218257641,5.503513147141228,2145.2100606628082,4601926.204368929,1711.8225915831533
"(1, 0, 0)(2, 0, 1, 12)",-249.38790017105987,5.729424512145432,2238.995116660107,5013099.132427808,1780.8539992004844
"(1, 0, 0)(2, 0, 2, 6)",-298.22715456032523,5.181110649624799,2066.5720044678164,4270719.849650129,1613.8565667707637
"(1, 0, 0)(2, 0, 2, 12)",-247.42134290304227,5.743873735174205,2243.5529849028158,5033529.996066335,1785.1943092369156
"(1, 0, 0)(2, 1, 0, 6)",-264.3180926754687,5.321628462688421,2121.229510551981,4499614.6364365965,1652.8677768787938
"(1, 0, 0)(2, 1, 0, 12)",-199.67711925956266,5.6795188484232195,2221.295018509709,4934151.559256047,1767.6237475657285
"(1, 0, 0)(2, 1, 1, 6)",-266.849856970267,5.380167069794168,2110.9832613071903,4456250.329519141,1673.8520428710253
"(1, 0, 0)(2, 1, 1, 12)",-197.91784178448205,5.700896860275015,2226.386429343005,4956796.532762695,1773.8475565543101
"(1, 0, 0)(2, 1, 2, 6)",-273.80522496905655,5.205051419599338,2074.0972715713287,4301879.491939629,1623.2993333991487
"(1, 0, 1)(0, 0, 0, 6)",-254.40863431023274,3.963412444653733,1597.975755533834,2553526.5152739272,1234.7968419521067
"(1, 0, 1)(0, 0, 0, 12)",-254.40863431023274,3.963412444653733,1597.975755533834,2553526.5152739272,1234.7968419521067
"(1, 0, 1)(0, 0, 1, 6)",-240.75460590363735,3.9755293129318865,1609.020081095722,2588945.6213692836,1239.0122139500056
"(1, 0, 1)(0, 0, 1, 12)",-183.53794285506498,3.767874323345382,1577.9680870936793,2489983.2838860853,1177.772173274502
"(1, 0, 1)(0, 0, 2, 6)",-36.406611575567,11.370662767451876,5047.455404413449,25476806.059542537,3532.164527214388
"(1, 0, 1)(0, 0, 2, 12)",1766.7085161021278,4.008428316425951,1706.7996086158228,2913164.903971126,1270.479667807224
"(1, 0, 1)(0, 1, 0, 6)",-237.2601385569107,5.296269285725905,2182.091874114345,4761524.947075855,1643.4485370051757
"(1, 0, 1)(0, 1, 0, 12)",-272.9394031237074,5.649819851041357,2239.0525921368853,5013356.510354904,1754.2455908731445
"(1, 0, 1)(0, 1, 1, 6)",-275.7576156969873,5.007163725105871,2006.269217916341,4025116.174758646,1563.5007051106663
"(1, 0, 1)(0, 1, 1, 12)",-247.30355305631124,5.232573598367105,2084.5105896202385,4345184.398238915,1632.6901575447055
"(1, 0, 1)(0, 1, 2, 6)",-259.5737813571685,5.410038115371204,2118.7579071150635,4489135.068962604,1682.9440978319446
"(1, 0, 1)(1, 0, 0, 6)",-256.0833535471349,4.301443251329342,1709.5570004100448,2922585.13765099,1336.4805046614047
"(1, 0, 1)(1, 0, 0, 12)",-273.75932390403784,5.582456763414921,2193.525208402764,4811552.839898388,1734.6424506717092
"(1, 0, 1)(1, 0, 1, 6)",-294.77922797034336,5.09784866144172,2031.550758938353,4127198.486142998,1586.4256035554913
"(1, 0, 1)(1, 0, 1, 12)",-297.18675175998277,5.379354277210599,2122.6151164721646,4505494.932676141,1673.1923283651417
"(1, 0, 1)(1, 0, 2, 6)",-273.9689951764989,5.424052946289947,2116.994431281553,4481665.422077105,1684.675442098371
"(1, 0, 1)(1, 0, 2, 12)",-234.27382203778063,5.922576666504377,2261.3965643108872,5113914.421077086,1830.2636042891831
"(1, 0, 1)(1, 1, 0, 6)",-282.996152582554,5.403518126216019,2165.122759724702,4687756.564677909,1677.7653977606974
"(1, 0, 1)(1, 1, 0, 12)",-247.04076073700313,5.981437126769732,2315.914645853517,5363460.64687882,1858.6750417576707
"(1, 0, 1)(1, 1, 1, 6)",-285.14001993035447,5.364620443240932,2104.1514786290663,4427453.445016886,1669.9652229938088
"(1, 0, 1)(1, 1, 1, 12)",-243.9717641672758,5.697989949444048,2229.8588732123185,4972270.5944437105,1773.4191591740064
"(1, 0, 1)(1, 1, 2, 6)",-275.04691270721725,5.182495837816112,2074.649787988596,4304171.742801127,1616.0141170098018
"(1, 0, 1)(2, 0, 0, 6)",-281.53548279697577,5.446328703147649,2175.4783049755456,4732705.8554192735,1689.3401366055277
"(1, 0, 1)(2, 0, 0, 12)",-245.65934956036395,6.04385917911893,2334.1648270123014,5448325.439661368,1875.7165296784272
"(1, 0, 1)(2, 0, 1, 6)",-284.0732790331324,5.431476803546814,2132.3875730033274,4547076.761499021,1686.2062617705533
"(1, 0, 1)(2, 0, 1, 12)",-247.47045059358123,5.726444194920382,2236.5348907360776,5002088.317479838,1779.1511529111501
"(1, 0, 1)(2, 0, 2, 6)",-295.2047143651971,5.2296590732313994,2073.964084300486,4301327.022968353,1626.5488271845416
"(1, 0, 1)(2, 0, 2, 12)",-238.90829990090532,6.0112564719430095,2329.6279842367744,5427166.544939097,1865.9287771682025
"(1, 0, 1)(2, 1, 0, 6)",-263.7551642451564,5.349170019596912,2135.301735220241,4559513.500434573,1661.0533116982094
"(1, 0, 1)(2, 1, 0, 12)",-197.87097647853494,5.6793896868468,2221.0203669126167,4932931.470240654,1767.5447380142396
"(1, 0, 1)(2, 1, 1, 6)",-267.37957507509105,5.346046563778179,2099.1496104937605,4406429.087236106,1664.3165630668093
"(1, 0, 1)(2, 1, 1, 12)",-196.11027459175773,5.701115558778645,2226.3635277789194,4956694.557824196,1773.8731791701196
"(1, 0, 1)(2, 1, 2, 6)",-268.13022861606,5.217667246329541,2078.631510071198,4320708.954660869,1626.7661707980026
"(1, 0, 2)(0, 0, 0, 6)",-241.6867914223542,4.04530521329602,1608.795683717103,2588223.551946781,1258.7428355046075
"(1, 0, 2)(0, 0, 0, 12)",-241.6867914223542,4.04530521329602,1608.795683717103,2588223.551946781,1258.7428355046075
"(1, 0, 2)(0, 0, 1, 6)",-104.6546599461249,5.535298880025252,2249.5906116480646,5060657.920015113,1723.8133727841125
"(1, 0, 2)(0, 0, 1, 12)",-197.3742954834341,4.068122328406965,1612.2812054769072,2599450.6855340693,1265.3776041992485
"(1, 0, 2)(0, 0, 2, 6)",-32.4403272040906,11.073429167010369,4875.672398851375,23772181.340921123,3445.2309389615484
"(1, 0, 2)(0, 0, 2, 12)",2025.7813574987338,44.6749316170943,13949.272935247485,194582215.422028,13798.406552301625
"(1, 0, 2)(0, 1, 0, 6)",-231.89052908664783,5.294999312575984,2180.812197983237,4755941.842872477,1643.0302808457807
"(1, 0, 2)(0, 1, 0, 12)",-268.21041885162157,5.576748943672077,2211.75694826272,4891868.79818842,1731.4744027406769
"(1, 0, 2)(0, 1, 1, 6)",-269.6040042139174,4.988470984183391,2002.0952377281399,4008385.3409336973,1557.8471649778705
"(1, 0, 2)(0, 1, 1, 12)",-241.6629164427854,5.252705765653192,2087.764114650368,4358758.998421835,1638.6536836331813
"(1, 0, 2)(0, 1, 2, 6)",-251.56636001261234,5.313726310573729,2085.1070976377855,4347671.60861947,1655.5662006985249
"(1, 0, 2)(1, 0, 0, 6)",-254.43712511838606,4.3266341009465155,1717.6315015512198,2950257.9751210976,1343.984551888709
"(1, 0, 2)(1, 0, 0, 12)",-274.12204618764326,5.622436391001294,2230.248230403698,4974007.169218827,1744.3949403665517
"(1, 0, 2)(1, 0, 1, 6)",-287.4987599819863,5.122003802067085,2041.8587785270358,4169187.2714479184,1593.6858795374026
"(1, 0, 2)(1, 0, 1, 12)",-288.74884655743864,5.375915995146821,2118.4247405594447,4487723.38141435,1672.2574145891572
"(1, 0, 2)(1, 0, 2, 6)",-267.2607336294696,5.450080581411953,2126.2090628008964,4520764.978736667,1692.4779914263588
"(1, 0, 2)(1, 0, 2, 12)",-233.68329506687067,5.971802362654556,2303.7613895263808,5307316.539872521,1852.704678850531
"(1, 0, 2)(1, 1, 0, 6)",-281.90615994452753,5.381381878037492,2152.041778782925,4631283.817627177,1670.6512168180393
"(1, 0, 2)(1, 1, 0, 12)",-245.97974502661967,5.973281950529373,2313.703585917239,5353224.28348629,1856.1246068724463
"(1, 0, 2)(1, 1, 1, 6)",-280.44565466976604,5.346986194205277,2098.685659975642,4404481.4993873965,1664.4989493979404
"(1, 0, 2)(1, 1, 1, 12)",-239.20554655595575,5.694814947843403,2227.3213656823414,4960960.466025051,1772.3339761096793
"(1, 0, 2)(1, 1, 2, 6)",-267.68625722223106,5.178311566594806,2072.452005193443,4295057.313830322,1614.7791279018356
"(1, 0, 2)(2, 0, 0, 6)",-279.70647514637216,5.4504821053954915,2173.8300112335082,4725536.917739475,1690.714492928978
"(1, 0, 2)(2, 0, 0, 12)",-243.36360322743872,6.0410464531630765,2335.2816836686775,5453540.542078412,1875.1398937960103
"(1, 0, 2)(2, 0, 1, 6)",-283.306412521238,5.430039861054422,2131.412520430332,4542919.332247179,1686.439952749013
"(1, 0, 2)(2, 0, 1, 12)",-245.65322650477128,5.742288367430995,2243.7659052586323,5034485.43760109,1784.2405924925615
"(1, 0, 2)(2, 0, 2, 6)",-284.25867229499323,5.243371001680305,2072.2671737508467,4294291.239405323,1632.762422395262
"(1, 0, 2)(2, 0, 2, 12)",-232.51640064462975,6.015040626718357,2330.7921610292233,5432592.097915277,1866.9143396504664
"(1, 0, 2)(2, 1, 0, 6)",-262.4118738783286,5.319702971350046,2120.8690390243473,4498085.480692058,1651.7738787465034
"(1, 0, 2)(2, 1, 0, 12)",-196.00515945768484,5.689099676954333,2224.895301758426,4950159.103786717,1770.4863925902966
"(1, 0, 2)(2, 1, 1, 6)",-262.6701529764029,5.374991223610856,2118.821462638008,4489404.390535467,1670.5943756067068
"(1, 0, 2)(2, 1, 1, 12)",-194.1193908890698,5.702204258021512,2226.6523160566085,4957980.536600258,1774.1840859152953
"(1, 0, 2)(2, 1, 2, 6)",-265.2244314697934,5.172329742533637,2068.726752128913,4279630.374973841,1613.2267520905464
"(1, 1, 0)(0, 0, 0, 6)",-218.51761107053167,3.8125613383829546,1581.7227299683668,2501846.7944985833,1190.804221499463
"(1, 1, 0)(0, 0, 0, 12)",-218.51761107053167,3.8125613383829546,1581.7227299683668,2501846.7944985833,1190.804221499463
"(1, 1, 0)(0, 0, 1, 6)",-208.4758912109267,3.8867292796521036,1599.5191595843119,2558461.5418773033,1213.292394309844
"(1, 1, 0)(0, 0, 1, 12)",-205.35589786625795,3.914401326258528,1690.9687722764647,2859375.388814174,1242.7776946645515
"(1, 1, 0)(0, 0, 2, 6)",-204.33250995192117,3.9286517641642824,1643.1847537860003,2700056.1350747584,1234.9688466437442
"(1, 1, 0)(0, 0, 2, 12)",2363.7639473217687,215.66878517136647,111544.6333971352,12442205239.70129,66932.99157360036
"(1, 1, 0)(0, 1, 0, 6)",-205.13263752764462,5.099739007642959,2133.295484219473,4550949.622991196,1589.1415811109114
"(1, 1, 0)(0, 1, 0, 12)",-228.88117630899848,5.543103705163289,2189.5708186721085,4794220.369980447,1749.2927722825168
"(1, 1, 0)(0, 1, 1, 6)",-242.98911707369277,5.053575926627327,2027.0328635230026,4108862.2298022634,1577.7231046976085
"(1, 1, 0)(0, 1, 1, 12)",-219.33404206270902,5.163522312480683,2080.6698998670727,4329187.232212854,1619.5955611510228
"(1, 1, 0)(0, 1, 2, 6)",-229.22226954070544,5.239333874465965,2069.6296938788596,4283367.069785102,1639.7104613262647
"(1, 1, 0)(1, 0, 0, 6)",-222.4239467184668,4.066464778161983,1681.7643992211883,2828331.4944878044,1270.6345375336755
"(1, 1, 0)(1, 0, 0, 12)",-235.18769826693688,4.821066031535813,1933.9085025428888,3740002.0962076783,1521.7521612702242
"(1, 1, 0)(1, 0, 1, 6)",-258.80118345576807,5.013068269238643,2011.242368756152,4045095.865879857,1564.9488740135446
"(1, 1, 0)(1, 0, 1, 12)",-257.29463361357733,5.13375552136353,2070.479608548263,4286885.809414168,1610.612898526862
"(1, 1, 0)(1, 0, 2, 6)",-241.97460948634972,5.10396534871406,2016.1084777503,4064693.3940566313,1598.6052738454096
"(1, 1, 0)(1, 0, 2, 12)",2463.370174435657,15.02448312969349,5050.282296186113,25505351.27117088,4599.525976438282
"(1, 1, 0)(1, 1, 0, 6)",-236.58771259200455,5.239322790983438,2097.3268784831234,4398780.035207762,1652.2981179870064
"(1, 1, 0)(1, 1, 0, 12)",-211.45060230586566,5.903969927264882,2294.557830717749,5264995.638508141,1839.4533235833385
"(1, 1, 0)(1, 1, 1, 6)",-248.51586092974713,5.214072133737454,2060.7934056364447,4246869.460714657,1632.589958923595
"(1, 1, 0)(1, 1, 1, 12)",-214.15717877918988,5.688680676381478,2230.0649228858942,4973189.56028607,1771.1474576019248
"(1, 1, 0)(1, 1, 2, 6)",-242.07949468304463,5.063208348675324,2048.0908118790103,4194675.973703223,1589.1348124787937
"(1, 1, 0)(2, 0, 0, 6)",-237.42856668741177,4.84774388744851,1948.7782228782712,3797736.561964593,1529.0182908873746
"(1, 1, 0)(2, 0, 0, 12)",-210.51590629465773,5.616896805048811,2185.6182804153536,4776927.267685767,1751.2678791567794
"(1, 1, 0)(2, 0, 1, 6)",-246.6097930021154,5.139993805063236,2033.2362502349015,4134049.649269283,1609.8994058272785
"(1, 1, 0)(2, 0, 1, 12)",-212.38314762151148,5.5489421359686615,2174.2962375624656,4727564.128678294,1728.3008877493005
"(1, 1, 0)(2, 0, 2, 6)",-254.802674270071,5.15954317572124,2086.6844692429513,4354252.074179738,1618.8678267890473
"(1, 1, 0)(2, 0, 2, 12)",2405.925573935823,2039113.4475349442,688387383.2845763,4.738771894653861e+17,633266893.2966592
"(1, 1, 0)(2, 1, 0, 6)",-224.19205443782818,5.1356285794803584,2058.9252568216775,4239173.21317821,1620.2040812060452
"(1, 1, 0)(2, 1, 0, 12)",-170.5250295342596,5.638724466576542,2211.1991448006015,4889401.657966912,1756.7414297626447
"(1, 1, 0)(2, 1, 1, 6)",-227.1352052471128,5.200319172777617,2062.8848579902647,4255493.937325514,1633.0552052820715
"(1, 1, 0)(2, 1, 1, 12)",-168.7571279959651,5.629281599655954,2209.3326122765257,4881150.591668617,1754.8039689339648
"(1, 1, 0)(2, 1, 2, 6)",-239.93485497807566,5.071560441888414,2048.271051385423,4195414.299943547,1591.0783670928447
"(1, 1, 1)(0, 0, 0, 6)",-251.04885503800034,3.690741970131476,1571.5134526624122,2469654.5318989353,1155.2781099332112
"(1, 1, 1)(0, 0, 0, 12)",-251.04885503800034,3.690741970131476,1571.5134526624122,2469654.5318989353,1155.2781099332112
"(1, 1, 1)(0, 0, 1, 6)",-237.63075525332215,3.835715044188065,1594.5024226641506,2542437.9758818457,1198.2715136857785
"(1, 1, 1)(0, 0, 1, 12)",-232.76811501048496,4.254855410182468,1685.875635843032,2842176.6595291467,1326.5611001844693
"(1, 1, 1)(0, 0, 2, 6)",-232.13888714579974,4.1508737324598926,1681.7810484425556,2828387.4949005414,1295.0319084853747
"(1, 1, 1)(0, 0, 2, 12)",2341.45281766451,234.66659298145646,120347.7232909272,14483574501.30958,72827.48661350948
"(1, 1, 1)(0, 1, 0, 6)",-230.32810596367872,5.356410676485549,2200.1965888602467,4840865.029632265,1660.754401534048
"(1, 1, 1)(0, 1, 0, 12)",-261.225752700543,5.65758390479842,2234.536489284943,4993153.321945878,1756.042823727771
"(1, 1, 1)(0, 1, 1, 6)",-267.42348455608663,5.139569613522337,2046.3484778744898,4187542.0928992415,1598.5981067765958
"(1, 1, 1)(0, 1, 1, 12)",-239.192968007192,5.38541889000934,2123.7053997015173,4510124.624721382,1674.6468004703265
"(1, 1, 1)(0, 1, 2, 6)",-250.37646665308137,5.706020377163614,2212.3639645045087,4894554.311438107,1767.1667402444682
"(1, 1, 1)(1, 0, 0, 6)",-252.30289285774052,4.163175459857573,1689.1431651019261,2853204.6322105527,1296.4678510917386
"(1, 1, 1)(1, 0, 0, 12)",-268.33974326863904,5.0891487979634,2007.8141651346305,4031317.7217152733,1580.6922174754109
"(1, 1, 1)(1, 0, 1, 6)",-283.68061630284325,5.203083318705919,2069.9685224390005,4284769.683888299,1618.0539475389103
"(1, 1, 1)(1, 0, 1, 12)",-285.0343959716065,5.433079693312296,2143.1499913893776,4593091.88559229,1689.5160461067326
"(1, 1, 1)(1, 0, 2, 6)",-267.07141126443196,5.566073122488816,2158.2819492575213,4658180.972490845,1723.9547691719156
"(1, 1, 1)(1, 0, 2, 12)",2439.3763160941553,22.275917609425452,7367.180337504468,54275346.12531245,6992.900667222114
"(1, 1, 1)(1, 1, 0, 6)",-271.41868357888444,5.42739233835848,2168.245548714689,4701288.759521063,1684.4807439685533
"(1, 1, 1)(1, 1, 0, 12)",-238.83682196896476,6.175484040531322,2381.122323643888,5669743.52015527,1913.54074826739
"(1, 1, 1)(1, 1, 1, 6)",-276.65563441544316,5.571085128309925,2168.1813332875927,4701010.294016763,1727.4917183609323
"(1, 1, 1)(1, 1, 1, 12)",-237.13411102688875,5.889093879929779,2287.8907731361664,5234444.189801606,1826.6446956960224
"(1, 1, 1)(1, 1, 2, 6)",-265.202621086644,5.348536609063961,2115.6670676430217,4476047.141109223,1662.2676855289076
"(1, 1, 1)(2, 0, 0, 6)",-270.1028354778346,5.127680119155762,2040.5198139697036,4163721.1112029534,1591.8700886256352
"(1, 1, 1)(2, 0, 0, 12)",-236.95718037454216,5.955414482060535,2294.010284841527,5262483.186958704,1845.7475526508522
"(1, 1, 1)(2, 0, 1, 6)",-275.2955480405851,5.627716033361173,2189.8583258625267,4795479.487349429,1744.6642002624742
"(1, 1, 1)(2, 0, 1, 12)",-238.24121418281618,5.8468057561195454,2268.4080371130067,5145675.022838884,1813.1681581635253
"(1, 1, 1)(2, 0, 2, 6)",-284.40707643723016,5.526030923841496,2198.8051156483957,4834743.936601554,1718.2800813756267
"(1, 1, 1)(2, 0, 2, 12)",2382.9567227987227,93930.42376428215,53224111.23737079,2832806017008019.5,29170951.81558362
"(1, 1, 1)(2, 1, 0, 6)",-253.97195704687692,5.411452531629024,2149.0824986996745,4618555.586217236,1678.1868891636036
"(1, 1, 1)(2, 1, 0, 12)",-191.0460056546653,5.887851090107494,2275.8807226645913,5179633.063796301,1825.8430361941128
"(1, 1, 1)(2, 1, 1, 6)",-255.34027281892838,5.562439621987498,2170.6110381481813,4711552.278930725,1724.933358394207
"(1, 1, 1)(2, 1, 1, 12)",-189.3481533017916,5.911928970493087,2282.2155325352437,5208507.736945126,1832.9097921659222
"(1, 1, 1)(2, 1, 2, 6)",-258.8332221245689,5.3671638379013125,2113.489559544016,4466838.11830156,1667.647432432846
"(1, 1, 2)(0, 0, 0, 6)",-247.62792713196606,3.6980752958755714,1572.0425205113365,2471317.686295636,1157.416723458103
"(1, 1, 2)(0, 0, 0, 12)",-247.62792713196606,3.6980752958755714,1572.0425205113365,2471317.686295636,1157.416723458103
"(1, 1, 2)(0, 0, 1, 6)",-236.8396699917302,4.701869840253335,1714.5706177641694,2939752.4033002057,1453.5649891447151
"(1, 1, 2)(0, 0, 1, 12)",-229.81225230299341,4.548058875393773,1748.5662662170375,3057483.9873521915,1410.673408685765
"(1, 1, 2)(0, 0, 2, 6)",-229.74979953098148,4.4987465545659715,1752.167183142054,3070089.8376799603,1395.279246603237
"(1, 1, 2)(0, 0, 2, 12)",,100.0,31170.93030722265,971626896.2177315,31131.83289350748
"(1, 1, 2)(0, 1, 0, 6)",-226.6204286300215,5.352096651842082,2197.762590902989,4830160.405972619,1659.3253512395988
"(1, 1, 2)(0, 1, 0, 12)",-259.5010533360065,5.896406457977673,2343.8785620413564,5493766.713597057,1824.8027682452578
"(1, 1, 2)(0, 1, 1, 6)",-260.3422754203588,5.115248150548232,2037.385780873303,4150940.820104719,1591.8796020341395
"(1, 1, 2)(0, 1, 1, 12)",-233.17390771086104,5.399362085140109,2125.454652974175,4517557.481849572,1679.2145682668945
"(1, 1, 2)(0, 1, 2, 6)",-245.48330432597027,5.618451234595313,2178.95560055821,4747847.50920399,1741.4658061786804
"(1, 1, 2)(1, 0, 0, 6)",-250.3672798583534,4.170258615414904,1690.622543666588,2858204.585153684,1298.527168103311
"(1, 1, 2)(1, 0, 0, 12)",-268.7460532276105,5.328265650226552,2106.1856621585075,4436018.043482071,1648.7720914442884
"(1, 1, 2)(1, 0, 1, 6)",-280.65639582666074,5.227708754969722,2080.03492399982,4326545.285058937,1625.6604726176413
"(1, 1, 2)(1, 0, 1, 12)",-279.6514063981157,5.530060374102874,2168.9746904586254,4704451.207850089,1717.0377609758823
"(1, 1, 2)(1, 0, 2, 6)",-261.56083831361843,5.556800516560702,2156.00058432204,4648338.519596979,1721.0396282235297
"(1, 1, 2)(1, 0, 2, 12)",3426.2454116936524,100.0,31170.93030722265,971626896.2177315,31131.83289350748
"(1, 1, 2)(1, 1, 0, 6)",-268.00211770620814,5.372429838594412,2145.4340686318856,4602887.342846366,1668.1963093193606
"(1, 1, 2)(1, 1, 0, 12)",-238.7487349861883,6.287909374108241,2421.8463067440607,5865339.533489847,1946.0879810073538
"(1, 1, 2)(1, 1, 1, 6)",-269.8730589468446,5.531714476649563,2152.9967176734694,4635394.866312733,1715.9954643168414
"(1, 1, 2)(1, 1, 1, 12)",-231.55409799863077,5.917754249944575,2298.277076836249,5282077.521910973,1834.1714453689306
"(1, 1, 2)(1, 1, 2, 6)",-258.8273212700498,5.295940826697156,2096.211311597259,4394101.862868301,1647.0666716680907
"(1, 1, 2)(2, 0, 0, 6)",-270.33370685163675,5.426284202972068,2148.7273527349266,4617029.236391246,1678.9014824850628
"(1, 1, 2)(2, 0, 0, 12)",-235.60540546488244,6.0428069473253965,2326.8778345947867,5414360.457128523,1871.2365586662227
"(1, 1, 2)(2, 0, 1, 6)",-275.4091797916884,5.907773359801943,2299.720635192989,5288714.999932445,1827.4756805474074
"(1, 1, 2)(2, 0, 1, 12)",-236.98731489307212,5.906761361602149,2289.492966435586,5241778.04335802,1830.397824035353
"(1, 1, 2)(2, 0, 2, 6)",-280.77657096027593,5.709763403623488,2267.6568154726124,5142267.432759389,1772.3803717205485
"(1, 1, 2)(2, 0, 2, 12)",,inf,inf,inf,inf
"(1, 1, 2)(2, 1, 0, 6)",-251.23763542815317,5.388226842237802,2137.58345015437,4569263.006373861,1671.2430544603096
"(1, 1, 2)(2, 1, 0, 12)",-189.82917448147867,5.923883266780053,2282.87806455529,5211532.257627707,1835.7989912832122
"(1, 1, 2)(2, 1, 1, 6)",-255.76234907789012,5.467765599100312,2133.346558735645,4551167.5396692185,1698.082162435966
"(1, 1, 2)(2, 1, 1, 12)",-188.4942250640368,5.987333152491407,2306.3833963558322,5319404.370985865,1854.4355848063028
"(1, 1, 2)(2, 1, 2, 6)",-250.25334282520942,5.33090677184691,2105.412879599141,4432763.393581947,1657.5548316385693
"(2, 0, 0)(0, 0, 0, 6)",-216.5230396725228,3.67802640271963,1571.2304477117943,2468765.1198166055,1151.5698763987139
"(2, 0, 0)(0, 0, 0, 12)",-216.5230396725228,3.67802640271963,1571.2304477117943,2468765.1198166055,1151.5698763987139
"(2, 0, 0)(0, 0, 1, 6)",-210.19403151984375,3.7117608036572034,1587.4684866307246,2520056.1960456427,1162.947829667181
"(2, 0, 0)(0, 0, 1, 12)",-177.86226787442467,3.6670760827099955,1571.2568909387358,2468848.2173224622,1148.4247903761452
"(2, 0, 0)(0, 0, 2, 6)",-4.386690936436766,12.486183920695265,5394.850432726273,29104411.191486854,3900.9047956735603
"(2, 0, 0)(0, 0, 2, 12)",2480.060477058557,4.088336437399637,1760.5213749534955,3099435.511668146,1301.304720778669
"(2, 0, 0)(0, 1, 0, 6)",-237.25977715547552,5.296227140561953,2182.1425949863456,4761746.304853742,1643.4378445729044
"(2, 0, 0)(0, 1, 0, 12)",-276.4725415365868,5.547710522241681,2199.396430544649,4837344.658692542,1722.5126546416961
"(2, 0, 0)(0, 1, 1, 6)",-278.5023303236334,5.0007249939951155,2002.4507073387545,4009808.8353214776,1561.4922647239607
"(2, 0, 0)(0, 1, 1, 12)",-252.1539215417526,5.237760025918244,2083.0551563842137,4339118.784538861,1634.1046446170667
"(2, 0, 0)(0, 1, 2, 6)",-264.18865151306835,5.401609449228078,2116.5929863950755,4479965.870056825,1680.2964439404532
"(2, 0, 0)(1, 0, 0, 6)",-220.43423029603557,4.011316763767486,1678.8829553712824,2818647.977836211,1257.02181446533
"(2, 0, 0)(1, 0, 0, 12)",-274.7753059937741,5.5857833356926765,2214.4749056978694,4903899.107965588,1733.0897446192237
"(2, 0, 0)(1, 0, 1, 6)",-295.0268780439178,5.117560071792219,2040.1748073982171,4162313.244742352,1592.551268140074
"(2, 0, 0)(1, 0, 1, 12)",-298.5607735151392,5.3341636350359005,2107.345139514995,4440903.537037473,1660.1596414507142
"(2, 0, 0)(1, 0, 2, 6)",-276.75598544478555,5.37148600597054,2096.7120952730825,4396201.61046444,1671.9832988345106
"(2, 0, 0)(1, 0, 2, 12)",-210.15815533930686,5.5765255954991,2161.9856861996313,4674182.107332091,1739.3850923663877
"(2, 0, 0)(1, 1, 0, 6)",-282.8265152739596,5.37954955478207,2147.4143040476583,4611388.193228489,1670.1390817960591
"(2, 0, 0)(1, 1, 0, 12)",-243.397249445706,5.973040025206704,2314.1746892454466,5355404.49234426,1855.9990603048564
"(2, 0, 0)(1, 1, 1, 6)",-287.4081814024651,5.363751452276506,2107.748035025611,4442601.779154325,1668.705101077961
"(2, 0, 0)(1, 1, 1, 12)",-244.93620639993492,5.702672370045352,2229.794838120246,4971985.020107693,1774.666795774909
"(2, 0, 0)(1, 1, 2, 6)",-279.4002954324986,5.181112093364545,2073.167293915708,4298022.62856178,1615.6062120204
"(2, 0, 0)(2, 0, 0, 6)",-281.1036963401832,5.433518752485744,2163.9238808572554,4682566.562144326,1685.6418529109537
"(2, 0, 0)(2, 0, 0, 12)",-241.8466507589889,6.0118418932913045,2327.734695353681,5418348.811953296,1866.5267202587265
"(2, 0, 0)(2, 0, 1, 6)",-283.13447598804845,5.432318826175366,2119.5658607603064,4492559.438100578,1689.921499218828
"(2, 0, 0)(2, 0, 1, 12)",-243.82731420357936,5.753234694601668,2245.606044291364,5042746.506157907,1787.841039739337
"(2, 0, 0)(2, 0, 2, 6)",-296.6742883296521,5.184953297304299,2063.936266513156,4259832.912228266,1614.3198246955462
"(2, 0, 0)(2, 0, 2, 12)",-241.7713767897403,5.911480046647547,2297.8495948727127,5280112.76065669,1836.0535547393
"(2, 0, 0)(2, 1, 0, 6)",-259.7519538949233,5.318761740497009,2119.846417271903,4493748.8328205235,1651.45536545326
"(2, 0, 0)(2, 1, 0, 12)",-192.73430043905358,5.678727069667663,2220.8686579462924,4932257.595848166,1767.2941146494024
"(2, 0, 0)(2, 1, 1, 6)",-263.6901434240231,5.338341913473151,2098.364356274793,4403132.971684527,1661.169071279321
"(2, 0, 0)(2, 1, 1, 12)",-190.99842984954947,5.700722683740684,2226.270483615011,4956280.266215416,1773.6802185576607
"(2, 0, 0)(2, 1, 2, 6)",-272.3327944971701,5.226433250563927,2087.996730060763,4359730.344744439,1628.982100850305
"(2, 0, 1)(0, 0, 0, 6)",-252.744042104872,3.9420586128609165,1595.3455486327296,2545127.419542265,1228.5694363964276
"(2, 0, 1)(0, 0, 0, 12)",-252.744042104872,3.9420586128609165,1595.3455486327296,2545127.419542265,1228.5694363964276
"(2, 0, 1)(0, 0, 1, 6)",-238.71715896246508,3.9761749316613284,1609.1082283681812,2589229.2906021867,1239.1976931317538
"(2, 0, 1)(0, 0, 1, 12)",-205.71738120946,4.090970558736331,1615.2768958781069,2609119.450357612,1272.1298376621512
"(2, 0, 1)(0, 0, 2, 6)",-34.45398367950587,11.289972187390081,5018.524703045007,25185590.195072975,3508.326328319569
"(2, 0, 1)(0, 0, 2, 12)",1232.3028778803734,4.000884118056956,1690.4157093050912,2857505.2702654344,1265.2742606647794
"(2, 0, 1)(0, 1, 0, 6)",-235.26036930998072,5.296092485794276,2182.0236655343324,4761227.276951885,1643.3941690360273
"(2, 0, 1)(0, 1, 0, 12)",-274.29207917621494,5.609387009075366,2224.5290579625216,4948529.529719625,1741.5339710092
"(2, 0, 1)(0, 1, 1, 6)",160.71087025812992,90.45310719789167,29400.368511638397,864381668.6201386,28161.78973720035
"(2, 0, 1)(0, 1, 1, 12)",-245.66013644282904,5.244775599439508,2086.4126485706142,4353117.740115445,1636.1709530882606
"(2, 0, 1)(0, 1, 2, 6)",-163.31557750155469,17.145218181531572,6602.0943984887945,43587650.44655711,5330.643870510591
"(2, 0, 1)(1, 0, 0, 6)",-250.5396220015063,4.42194227507013,1728.0823986962287,2986268.7766837114,1371.8104881271154
"(2, 0, 1)(1, 0, 0, 12)",-266.2243345377351,5.579981019757508,2191.168417142302,4801219.032281902,1733.2637827740475
"(2, 0, 1)(1, 0, 1, 6)",-289.1788354877197,5.047348902443883,2007.640579259882,4030620.6954909544,1571.817395036811
"(2, 0, 1)(1, 0, 1, 12)",-294.334035888479,5.408695402060809,2125.711011288727,4518647.3035141425,1681.4349488511934
"(2, 0, 1)(1, 0, 2, 6)",-269.76924361126294,5.346266022876986,2086.2741287318795,4352539.740215964,1661.7933574746166
"(2, 0, 1)(1, 0, 2, 12)",-236.18180025395904,5.794925420084021,2243.2253672593642,5032060.04831591,1798.82969685864
"(2, 0, 1)(1, 1, 0, 6)",158.65509012363486,96.16294202783833,30240.2250091834,914471208.6060412,29940.196363739073
"(2, 0, 1)(1, 1, 0, 12)",-241.39903829629492,5.973030676783828,2314.2203290180423,5355615.731240377,1855.9966720248767
"(2, 0, 1)(1, 1, 1, 6)",151.49921396500278,94.82030024981252,30041.97010813525,902519967.978092,29523.22560106192
"(2, 0, 1)(1, 1, 1, 12)",-242.9392613720298,5.701830666449413,2229.3946101475817,4970200.327755087,1774.4074315473433
"(2, 0, 1)(1, 1, 2, 6)",124.1004407718704,94.19447931158308,29972.810280288777,898369356.0981846,29328.870682137396
"(2, 0, 1)(2, 0, 0, 6)",-273.5297915134369,5.341678852159007,2121.4890893075203,4500715.956050851,1657.5346419033765
"(2, 0, 1)(2, 0, 0, 12)",-241.6340639396708,6.114608695061726,2360.2873396399596,5570956.325664677,1896.8774059619868
"(2, 0, 1)(2, 0, 1, 6)",-276.0022990024169,5.377924222944537,2105.8343117891804,4434538.148708611,1670.0471824843714
"(2, 0, 1)(2, 0, 1, 12)",-241.21394975173965,5.799787807317101,2255.0669820952858,5085327.093736339,1800.6860167346438
"(2, 0, 1)(2, 0, 2, 6)",-289.40726299561885,5.237974093968509,2071.2604389962953,4290119.8061511265,1629.6143063300788
"(2, 0, 1)(2, 0, 2, 12)",-238.9680588750828,5.8517520182529505,2274.2974714993543,5172428.988868356,1816.5529951140543
"(2, 0, 1)(2, 1, 0, 6)",-173.1795800938618,5.9276988709068865,2380.95471089568,5668945.335336331,1841.9980682996877
"(2, 0, 1)(2, 1, 0, 12)",-190.7638014084521,5.678438823010531,2221.209694406779,4933772.5065266555,1767.2448080925533
"(2, 0, 1)(2, 1, 1, 6)",-212.20301607849586,5.611642692269017,2221.8002230681163,4936396.231225531,1749.0791294627886
"(2, 0, 1)(2, 1, 1, 12)",-188.98547158675964,5.686690030580785,2222.3805352833033,4938975.243606102,1769.545276780358
"(2, 0, 1)(2, 1, 2, 6)",129.98920722599797,93.65681533737444,29924.674108501615,895486120.5000268,29161.893785500484
"(2, 0, 2)(0, 0, 0, 6)",-241.23294072329182,4.0456460901497335,1608.916295366131,2588611.645494675,1258.8029963830818
"(2, 0, 2)(0, 0, 0, 12)",-241.23294072329182,4.0456460901497335,1608.916295366131,2588611.645494675,1258.8029963830818
"(2, 0, 2)(0, 0, 1, 6)",-102.32512050633962,5.651839456769594,2306.18910615412,5318508.193343938,1758.4588567014098
"(2, 0, 2)(0, 0, 1, 12)",-196.35701832817531,4.215651153714544,1631.709650967904,2662476.385061799,1308.9800995405742
"(2, 0, 2)(0, 0, 2, 6)",-29.056853693563106,10.932109192169184,4879.540781295071,23809918.23632171,3401.6430372046866
"(2, 0, 2)(0, 0, 2, 12)",2118.7748625563713,4.569070300120164,1748.7014971407577,3057956.926102327,1417.953556235058
"(2, 0, 2)(0, 1, 0, 6)",-236.2323755597933,4.878383928595902,2014.6991413831176,4059012.6302898717,1520.2790612835151
"(2, 0, 2)(0, 1, 0, 12)",-276.04814734691087,5.850268263050785,2359.408109827209,5566806.628718404,1816.06224619789
"(2, 0, 2)(0, 1, 1, 6)",-267.58516093089503,4.9885871089921245,1995.9210851697485,3983700.9782251865,1558.3015288889667
"(2, 0, 2)(0, 1, 1, 12)",-242.0166876272889,5.288559292692835,2103.3545767874853,4424100.475692862,1649.4270453022912
"(2, 0, 2)(0, 1, 2, 6)",-249.1170481690757,5.402503397602178,2114.2183142889617,4469919.080474858,1680.259670093741
"(2, 0, 2)(1, 0, 0, 6)",-248.31535523198568,4.362654667134669,1721.0720601801086,2962089.0363326035,1354.5019342486016
"(2, 0, 2)(1, 0, 0, 12)",-266.5945475291989,5.343552558588809,2083.905179602339,4342660.7975734575,1651.9169615349435
"(2, 0, 2)(1, 0, 1, 6)",-284.82608277915125,5.020257541409567,1999.8517523124776,3999407.0312272874,1565.177897767956
"(2, 0, 2)(1, 0, 1, 12)",-286.62593494681516,5.360208332972116,2103.165258698188,4423304.105395016,1668.175222180073
"(2, 0, 2)(1, 0, 2, 6)",-264.6745163937236,5.274964535509542,2066.4532551116504,4270229.055561536,1641.8574348771895
"(2, 0, 2)(1, 0, 2, 12)",-227.48219129394727,6.290716138308285,2384.9245122339216,5687864.929054209,1942.1886377472963
"(2, 0, 2)(1, 1, 0, 6)",-274.5740431631088,5.25267935756788,2092.339775292509,4377885.735271107,1632.9213136550543
"(2, 0, 2)(1, 1, 0, 12)",-245.00900421642717,5.776238951184757,2248.5812469156854,5056117.623980898,1795.432893258797
"(2, 0, 2)(1, 1, 1, 6)",-278.36967902023736,5.348135364809803,2095.6918680039457,4391924.405617868,1664.5260121050778
"(2, 0, 2)(1, 1, 1, 12)",-243.11348515177127,5.576351590103505,2195.352018414333,4819570.484755886,1735.3003549400187
"(2, 0, 2)(1, 1, 2, 6)",-264.90257647826115,5.179956049350903,2071.200514109639,4289871.569648031,1615.5024770444406
"(2, 0, 2)(2, 0, 0, 6)",-275.5254162356478,5.423535468818946,2165.625429114897,4689933.499229082,1681.795280608837
"(2, 0, 2)(2, 0, 0, 12)",-238.74607280256777,6.0505213904241,2334.9340791488526,5451917.1539707,1877.9985180565175
"(2, 0, 2)(2, 0, 1, 6)",-276.8000256409843,5.316366526144466,2082.0719506900414,4335023.607850235,1653.355701028483
"(2, 0, 2)(2, 0, 1, 12)",-239.42638746359899,5.719916989242982,2231.648762918067,4980256.201033738,1777.4065331468926
"(2, 0, 2)(2, 0, 2, 6)",-286.4395272056043,5.235931067715568,2073.096488443877,4297729.050398335,1628.908610695962
"(2, 0, 2)(2, 0, 2, 12)",-228.1507661540426,6.073840737631668,2352.3226708981774,5533421.948021535,1886.5666364467895
"(2, 0, 2)(2, 1, 0, 6)",-254.64531462679133,5.275688350396537,2097.96467765892,4401455.788704498,1638.523243661216
"(2, 0, 2)(2, 1, 0, 12)",-188.84975387961745,5.6771470632905805,2220.1279232429197,4928967.995562919,1766.8113327453918
"(2, 0, 2)(2, 1, 1, 6)",-253.62638456064752,5.3237539475879085,2087.59514772338,4358053.5007982,1658.2195057552183
"(2, 0, 2)(2, 1, 1, 12)",-187.10317188189168,5.700089420805092,2226.0019313271555,4955084.598272226,1773.4902937524232
"(2, 0, 2)(2, 1, 2, 6)",-256.81833128905726,5.269371387768933,2090.7189367507835,4371105.672488327,1642.1334042570732
"(2, 1, 0)(0, 0, 0, 6)",-216.48571859813552,3.5964959218454613,1566.073660798338,2452586.7110463083,1127.8650914852499
"(2, 1, 0)(0, 0, 0, 12)",-216.48571859813552,3.5964959218454613,1566.073660798338,2452586.7110463083,1127.8650914852499
"(2, 1, 0)(0, 0, 1, 6)",-211.26463351590618,3.7794155190221335,1590.7968153550507,2530634.5077437717,1182.004225708325
"(2, 1, 0)(0, 0, 1, 12)",-207.870165817043,3.8861407645606083,1686.5425715378092,2844425.845609366,1234.306940690249
"(2, 1, 0)(0, 0, 2, 6)",-207.67873504838326,3.8964081649481064,1647.4544706048102,2714106.2327157757,1228.989394840936
"(2, 1, 0)(0, 0, 2, 12)",2382.4129413294,185.23244424375412,98263.26038004676,9655668340.516869,57495.55038147024
"(2, 1, 0)(0, 1, 0, 6)",-208.99857667567304,5.443383702715013,2252.046076461368,5071711.5305050425,1688.4028039383302
"(2, 1, 0)(0, 1, 0, 12)",-237.18193015896293,5.2850652772493945,2099.387029674851,4407425.900366994,1664.6936703076426
"(2, 1, 0)(0, 1, 1, 6)",-252.6619367137061,5.160674105324044,2071.7565089135205,4292175.032225538,1605.31380267875
"(2, 1, 0)(0, 1, 1, 12)",-224.79537376019715,5.117376183111714,2057.6964040846265,4234114.491382803,1604.3483070506334
"(2, 1, 0)(0, 1, 2, 6)",-239.75710857459498,5.591153223683143,2191.282865486426,4801720.596574403,1736.769530127473
"(2, 1, 0)(1, 0, 0, 6)",-224.49862174349903,4.173049414244948,1714.453286234643,2939350.0706807664,1301.8373409649446
"(2, 1, 0)(1, 0, 0, 12)",-242.2145561981047,4.787306751909729,1923.0107608577023,3697970.3863745187,1509.2602367344687
"(2, 1, 0)(1, 0, 1, 6)",-265.2119055341012,5.363530585892137,2150.6464283836685,4625280.059919429,1667.6588353584095
"(2, 1, 0)(1, 0, 1, 12)",-267.001398155953,5.331801825512937,2139.9676931866798,4579461.72788272,1670.5486125587597
"(2, 1, 0)(1, 0, 2, 6)",-253.75519610266576,5.842508671337336,2284.3310531437373,5218168.360356776,1813.071139082368
"(2, 1, 0)(1, 0, 2, 12)",2482.019323485203,19.88789635990939,6501.567690938318,42270382.43985302,6110.105829602698
"(2, 1, 0)(1, 1, 0, 6)",-245.17416761179155,5.028096659543028,2033.0120808825948,4133138.1210145783,1580.9917107506828
"(2, 1, 0)(1, 1, 0, 12)",-219.2968229973764,6.090111355257213,2364.032531470245,5588649.809849615,1890.860105100803
"(2, 1, 0)(1, 1, 1, 6)",-258.20395856507105,5.339170379177979,2104.7504371032296,4429974.402486236,1662.7416468342149
"(2, 1, 0)(1, 1, 1, 12)",-220.3479824686129,5.849196493509915,2284.908722812285,5220807.871583667,1817.5069966060828
"(2, 1, 0)(1, 1, 2, 6)",-249.03308792409706,5.031684575172993,2031.8039705060976,4128227.374564343,1575.534287226879
"(2, 1, 0)(2, 0, 0, 6)",-245.04227215682926,4.789651424444222,1938.5386973767622,3757932.281227194,1507.3515310585042
"(2, 1, 0)(2, 0, 0, 12)",-217.29738580110916,6.096081186993456,2366.3400446890028,5599565.207098752,1892.6493493481737
"(2, 1, 0)(2, 0, 1, 6)",-257.29397400124947,5.676328601037826,2233.338033931855,4987798.773806604,1764.829790740281
"(2, 1, 0)(2, 0, 1, 12)",-218.85786224300247,6.0220136230342645,2356.615379871282,5553636.048645867,1870.380552082793
"(2, 1, 0)(2, 0, 2, 6)",-266.0329494303979,5.414436534349323,2179.2811772107484,4749266.449345066,1692.2304308547448
"(2, 1, 0)(2, 0, 2, 12)",2383.01317896583,2507300.1118141827,823028095.5377924,6.773752460445656e+17,778666920.0758343
"(2, 1, 0)(2, 1, 0, 6)",-226.72874904594738,5.021132441258336,2038.0644992431126,4153706.903075079,1572.6974404056893
"(2, 1, 0)(2, 1, 0, 12)",-173.6298253456444,5.783921428187345,2257.7815556942787,5097577.553233277,1797.5036651936643
"(2, 1, 0)(2, 1, 1, 6)",-231.8987436806776,5.382997841123917,2122.8813504698105,4506625.228172526,1675.9441680779037
"(2, 1, 0)(2, 1, 1, 12)",-172.21122691816706,5.777117692388919,2253.733834993385,5079316.198993989,1796.0443687735215
"(2, 1, 0)(2, 1, 2, 6)",-236.91135276202627,5.157766704407511,2063.8234502160776,4259367.233661795,1610.857520646508
"(2, 1, 1)(0, 0, 0, 6)",-252.17612952117918,3.703022694284138,1573.1606667566227,2474834.4834301416,1158.8602648538533
"(2, 1, 1)(0, 0, 0, 12)",-252.17612952117918,3.703022694284138,1573.1606667566227,2474834.4834301416,1158.8602648538533
"(2, 1, 1)(0, 0, 1, 6)",-237.3827686324426,3.8346002756796596,1594.6578322224982,2542933.6018685573,1197.889290892252
"(2, 1, 1)(0, 0, 1, 12)",-234.53953309619124,4.259693365275482,1685.8319404863182,2842029.331563865,1327.233511169586
"(2, 1, 1)(0, 0, 2, 6)",-234.0477024107664,4.202081736056096,1693.7792212514532,2868888.050343179,1310.2820483223295
"(2, 1, 1)(0, 0, 2, 12)",,99.99999978391114,31170.930240198282,971626892.0393077,31131.832826398935
"(2, 1, 1)(0, 1, 0, 6)",-228.32897267201528,5.356144813249142,2200.1670591268453,4840735.088066871,1660.6752174799562
"(2, 1, 1)(0, 1, 0, 12)",-265.89546329824753,5.677089034699244,2248.093740008202,5053925.463864065,1758.8271348685205
"(2, 1, 1)(0, 1, 1, 6)",-265.33756974715374,5.157695462874087,2052.562703920584,4213013.65352578,1603.537166157432
"(2, 1, 1)(0, 1, 1, 12)",-239.69683899384353,5.461914020795689,2146.208674307943,4606211.673674659,1696.9954155906375
"(2, 1, 1)(0, 1, 2, 6)",-250.0617551881673,5.846473397038692,2265.2860049732976,5131520.684327884,1808.0382043953887
"(2, 1, 1)(1, 0, 0, 6)",-246.43039923137684,4.1316025571840145,1680.630648748823,2824519.3775138897,1287.0701245098323
"(2, 1, 1)(1, 0, 0, 12)",-269.87991539204546,5.197253880198499,2048.890847788119,4197953.706149917,1610.8855053839552
"(2, 1, 1)(1, 0, 1, 6)",-280.7951313312516,5.242271254817294,2084.0152369668704,4343119.50791008,1629.4749880056654
"(2, 1, 1)(1, 0, 1, 12)",-286.75392536344685,5.568749580361984,2187.5076243385433,4785189.606539258,1729.335396023427
"(2, 1, 1)(1, 0, 2, 6)",-266.4643488485264,5.702124064570545,2208.7405672408704,4878534.8933755215,1764.1290055997295
"(2, 1, 1)(1, 0, 2, 12)",3535.678820656351,100.0,31170.93030722265,971626896.2177315,31131.83289350748
"(2, 1, 1)(1, 1, 0, 6)",-271.9872691499837,5.540471571879826,2198.3754723515103,4832854.717436726,1716.4612226668776
"(2, 1, 1)(1, 1, 0, 12)",-235.97250287117015,6.208121512024954,2394.333970469623,5732835.1621448295,1922.303399213863
"(2, 1, 1)(1, 1, 1, 6)",-278.61442377108546,5.691194313333367,2218.8237960734123,4923179.038021627,1761.27341352901
"(2, 1, 1)(1, 1, 1, 12)",-237.7472571468457,5.956956405508448,2311.7937777331704,5344390.470765803,1846.127720191981
"(2, 1, 1)(1, 1, 2, 6)",-265.7004327752034,5.415414265142231,2137.126165753682,4567308.248349035,1681.5931206629975
"(2, 1, 1)(2, 0, 0, 6)",-271.33959175982955,5.293116062096429,2094.217066305606,4385745.120805658,1640.1430975941273
"(2, 1, 1)(2, 0, 0, 12)",-233.56981220310504,6.073623094079059,2340.3123659585426,5477061.970258471,1880.626455118693
"(2, 1, 1)(2, 0, 1, 6)",-276.8987548535323,5.820317886089551,2271.0770517120577,5157790.9748131335,1801.339667525578
"(2, 1, 1)(2, 0, 1, 12)",-234.2632180624054,5.963681067710817,2313.02806514215,5350098.830135238,1847.6609602190958
"(2, 1, 1)(2, 0, 2, 6)",-287.1941536324297,5.711656165358966,2266.156526043206,5135465.400528212,1773.944374028192
"(2, 1, 1)(2, 0, 2, 12)",3478.08797530708,100.0,31170.93030722265,971626896.2177315,31131.83289350748
"(2, 1, 1)(2, 1, 0, 6)",-249.5539829666838,5.518635617525273,2185.3178211336754,4775613.979364433,1708.6697277662302
"(2, 1, 1)(2, 1, 0, 12)",-185.48633166918663,5.941395752651977,2294.2802227670295,5263721.740579931,1841.1343690945941
"(2, 1, 1)(2, 1, 1, 6)",-256.1328506388483,5.670219715060993,2207.3596706636995,4872436.715672556,1755.4688082950706
"(2, 1, 1)(2, 1, 1, 12)",-183.8720457868215,5.964543812405809,2301.3746643922645,5296325.345906609,1847.9254420146963
"(2, 1, 1)(2, 1, 2, 6)",-259.7322002060618,5.536335882173931,2173.990459765493,4726234.519151381,1716.5127472150918
"(2, 1, 2)(0, 0, 0, 6)",-261.1774883751086,4.684928567993405,1714.192352254203,2938455.4205267974,1448.4650119397127
"(2, 1, 2)(0, 0, 0, 12)",-261.1774883751086,4.684928567993405,1714.192352254203,2938455.4205267974,1448.4650119397127
"(2, 1, 2)(0, 0, 1, 6)",-239.3840968916084,4.672644025059071,1710.3970261955294,2925457.987218511,1444.8131558838363
"(2, 1, 2)(0, 0, 1, 12)",-235.98256233080198,4.671125112893845,1774.9567255131803,3150471.3774444717,1446.9444334787488
"(2, 1, 2)(0, 0, 2, 6)",-234.53042551447376,4.5523267163612875,1761.0436704123306,3101274.8090993334,1412.002926601316
"(2, 1, 2)(0, 0, 2, 12)",3348.882278682544,3807.9268190192756,2450207.0535217174,6003514605127.575,1182576.9206633253
"(2, 1, 2)(0, 1, 0, 6)",-224.64365900537783,5.358926307829747,2200.126090875832,4840554.81575257,1661.4003179832887
"(2, 1, 2)(0, 1, 0, 12)",-260.5660078480859,5.799598157784531,2298.356466542454,5282442.447297515,1795.1778919310043
"(2, 1, 2)(0, 1, 1, 6)",-259.2732984630627,5.158352917796042,2052.696172628403,4213561.577123295,1603.9031812892845
"(2, 1, 2)(0, 1, 1, 12)",-233.3551561686668,5.554506882262817,2178.2835794451917,4744919.352480556,1724.131661237703
"(2, 1, 2)(0, 1, 2, 6)",-244.45611007888652,5.806700940038686,2252.1177713322218,5072034.455950414,1796.203610270681
"(2, 1, 2)(1, 0, 0, 6)",-244.5117860353319,4.135302774919606,1681.9778605417257,2829049.523352521,1288.2067665635684
"(2, 1, 2)(1, 0, 0, 12)",-268.55298120561713,5.293924007364699,2088.113824372744,4360219.343536568,1638.9928495015324
"(2, 1, 2)(1, 0, 1, 6)",-279.08788276396837,5.261132199039001,2090.501211257052,4370195.314267202,1635.3107816251318
"(2, 1, 2)(1, 0, 1, 12)",-280.4703051370459,5.579108016459384,2190.8195967979545,4799690.505713953,1732.1497497599667
"(2, 1, 2)(1, 0, 2, 6)",-261.0797489407153,5.646659822112222,2188.848912530363,4791059.561885354,1747.141706856755
"(2, 1, 2)(1, 0, 2, 12)",3444.3391859641924,100.0,31170.93030722265,971626896.2177315,31131.83289350748
"(2, 1, 2)(1, 1, 0, 6)",-267.4479441550761,5.419404072330871,2162.155151223585,4674914.897962685,1680.373415384311
"(2, 1, 2)(1, 1, 0, 12)",-234.30584486968294,6.220291732638684,2399.8476855935173,5759268.914048562,1925.6442105662318
"(2, 1, 2)(1, 1, 1, 6)",-270.6699078790861,5.6343820208087,2192.816459075269,4808444.0231914,1745.1094958906772
"(2, 1, 2)(1, 1, 1, 12)",-230.20156540412427,5.927904175229173,2301.717410829784,5297903.039316964,1837.6239015573115
"(2, 1, 2)(1, 1, 2, 6)",-258.4907802267588,5.36557117045485,2119.619472555026,4492786.708434446,1667.0142492623572
"(2, 1, 2)(2, 0, 0, 6)",-269.0572184453048,5.32264469129334,2107.5963687761596,4441962.453678454,1649.5100598885417
"(2, 1, 2)(2, 0, 0, 12)",-231.4899267610708,6.092383432499274,2346.991905376121,5508371.003901035,1886.5466286324872
"(2, 1, 2)(2, 0, 1, 6)",-274.82729131336504,5.803107618290277,2264.361642409078,5127333.647613537,1796.4291224738586
"(2, 1, 2)(2, 0, 1, 12)",-232.14816423531028,5.971749188260024,2316.7975288356947,5367550.789619181,1850.283934453522
"(2, 1, 2)(2, 0, 2, 6)",-280.65476277355737,5.786054527909565,2296.4485476217665,5273675.93187412,1797.378454423044
"(2, 1, 2)(2, 0, 2, 12)",3390.3891537671984,99.72348179962763,31086.462660707304,966368160.7555496,31045.957415185243
"(2, 1, 2)(2, 1, 0, 6)",-245.3614695251477,5.50245542271592,2181.9898295583557,4761079.616296103,1704.0190243879147
"(2, 1, 2)(2, 1, 0, 12)",-183.4184897570139,5.94261651573177,2295.5007252007517,5269323.579397176,1841.577408259235
"(2, 1, 2)(2, 1, 1, 6)",-248.0529976559509,5.6595344264001035,2201.1161395914255,4844912.25996986,1752.6461828287079
"(2, 1, 2)(2, 1, 1, 12)",-181.87142844457384,5.964930146939034,2300.9402803206435,5294326.173602042,1848.0298968000056
"(2, 1, 2)(2, 1, 2, 6)",-251.126125611747,5.43174541962856,2138.798707253827,4574459.9101506425,1685.8841572433137
